{
  "name": "project",
  "version": "1.0.0",
  "description": "",
  "main": "webpack.config.js",
  "scripts": {
    "start": "webpack-dev-server --inline --watch --hot",
    "build": "webpack"
  },
  "author": "",
  "license": "ISC",
  "dependencies": {
    "es6-promise": "3.2.1",
    "react": "15.2.1",
    "react-dom": "15.2.1",
    "react-redux": "4.4.5",
    "react-router": "2.6.0",
    "react-router-redux": "4.0.5",
    "react-slick": "0.14.5",
    "redux": "3.5.2",
    "redux-thunk": "2.1.0"
  },
  "devDependencies": {
    "autoprefixer": "6.3.7",
    "babel-cli": "6.11.4",
    "babel-core": "6.11.4",
    "babel-eslint": "6.1.2",
    "babel-loader": "6.2.4",
    "babel-plugin-react-display-name": "2.0.0",
    "babel-plugin-transform-decorators-legacy": "1.3.4",
    "babel-plugin-transform-react-constant-elements": "6.9.1",
    "babel-plugin-transform-react-remove-prop-types": "0.2.7",
    "babel-preset-es2015": "6.9.0",
    "babel-preset-react": "6.11.1",
    "babel-preset-react-hmre": "1.1.1",
    "babel-preset-stage-0": "6.5.0",
    "babel-preset-stage-1": "6.5.0",
    "babel-register": "6.11.5",
    "css-loader": "^0.21.0",
    "extract-text-webpack-plugin": "^0.8.2",
    "file-loader": "^0.8.4",
    "html-webpack-plugin": "^2.28.0",
    "less": "^2.7.2",
    "less-loader": "^2.2.3",
    "node-static": "^0.7.7",
    "postcss-loader": "0.9.1",
    "raw-loader": "^0.5.1",
    "rimraf": "^2.5.4",
    "style-loader": "^0.13.1",
    "url-loader": "^0.5.7",
    "webpack": "^1.12.2",
    "webpack-dev-server": "^1.12.1"
  }
}
